<?xml version="1.0" encoding="UTF-8"?>
<metadata xml:lang="en"><Esri><CreaDate>20221210</CreaDate><CreaTime>10164800</CreaTime><ArcGISFormat>1.0</ArcGISFormat><SyncOnce>FALSE</SyncOnce><DataProperties><itemProps><itemName Sync="TRUE">gov_Merge10</itemName><imsContentType Sync="TRUE">002</imsContentType><itemLocation><linkage Sync="TRUE">file://\\YASMINE\C$\Users\hp\OneDrive\Documents\ArcGIS\Default.gdb</linkage><protocol Sync="TRUE">Local Area Network</protocol></itemLocation></itemProps><coordRef><type Sync="TRUE">Projected</type><geogcsn Sync="TRUE">GCS_WGS_1984</geogcsn><csUnits Sync="TRUE">Linear Unit: Meter (1.000000)</csUnits><projcsn Sync="TRUE">WGS_1984_UTM_Zone_36N</projcsn><peXml Sync="TRUE">&lt;ProjectedCoordinateSystem xsi:type='typens:ProjectedCoordinateSystem' xmlns:xsi='http://www.w3.org/2001/XMLSchema-instance' xmlns:xs='http://www.w3.org/2001/XMLSchema' xmlns:typens='http://www.esri.com/schemas/ArcGIS/10.7'&gt;&lt;WKT&gt;PROJCS[&amp;quot;WGS_1984_UTM_Zone_36N&amp;quot;,GEOGCS[&amp;quot;GCS_WGS_1984&amp;quot;,DATUM[&amp;quot;D_WGS_1984&amp;quot;,SPHEROID[&amp;quot;WGS_1984&amp;quot;,6378137.0,298.257223563]],PRIMEM[&amp;quot;Greenwich&amp;quot;,0.0],UNIT[&amp;quot;Degree&amp;quot;,0.0174532925199433]],PROJECTION[&amp;quot;Transverse_Mercator&amp;quot;],PARAMETER[&amp;quot;False_Easting&amp;quot;,500000.0],PARAMETER[&amp;quot;False_Northing&amp;quot;,0.0],PARAMETER[&amp;quot;Central_Meridian&amp;quot;,33.0],PARAMETER[&amp;quot;Scale_Factor&amp;quot;,0.9996],PARAMETER[&amp;quot;Latitude_Of_Origin&amp;quot;,0.0],UNIT[&amp;quot;Meter&amp;quot;,1.0],AUTHORITY[&amp;quot;EPSG&amp;quot;,32636]]&lt;/WKT&gt;&lt;XOrigin&gt;-5120899.9994293489&lt;/XOrigin&gt;&lt;YOrigin&gt;-9998099.9994620085&lt;/YOrigin&gt;&lt;XYScale&gt;5658.2152385567197&lt;/XYScale&gt;&lt;ZOrigin&gt;-100000&lt;/ZOrigin&gt;&lt;ZScale&gt;8000&lt;/ZScale&gt;&lt;MOrigin&gt;-100000&lt;/MOrigin&gt;&lt;MScale&gt;8000&lt;/MScale&gt;&lt;XYTolerance&gt;0.0014138733969478008&lt;/XYTolerance&gt;&lt;ZTolerance&gt;0.002&lt;/ZTolerance&gt;&lt;MTolerance&gt;0.002&lt;/MTolerance&gt;&lt;HighPrecision&gt;true&lt;/HighPrecision&gt;&lt;WKID&gt;32636&lt;/WKID&gt;&lt;LatestWKID&gt;32636&lt;/LatestWKID&gt;&lt;/ProjectedCoordinateSystem&gt;</peXml></coordRef><lineage><Process ToolSource="c:\program files (x86)\arcgis\desktop10.8\ArcToolbox\Toolboxes\Data Management Tools.tbx\Merge" Date="20221210" Time="101448">Merge egypt\gov;'6 October_Dissolve';Helwan_Dissolve C:\Users\hp\OneDrive\Documents\ArcGIS\Default.gdb\gov_Merge10 "اسم_المحافظه "اسم_المحافظه" true true false 50 Text 0 0 ,First,#,egypt\gov,اسم_المحافظه,-1,-1,6 October_Dissolve,اسم_المحافظه,-1,-1,Helwan_Dissolve,اسم_المحافظه,-1,-1;كود_المحافظه "كود_المحافظه" true true false 50 Text 0 0 ,First,#,egypt\gov,كود_المحافظه,-1,-1,6 October_Dissolve,كود_المحافظه,-1,-1,Helwan_Dissolve,كود_المحافظه,-1,-1;عدد_الأسر "عدد_الأسر" true true false 8 Double 0 0 ,First,#,egypt\gov,عدد_الأسر,-1,-1,6 October_Dissolve,عدد_الأسر,-1,-1,Helwan_Dissolve,عدد_الأسر,-1,-1;ذكور "ذكور" true true false 8 Double 0 0 ,First,#,egypt\gov,ذكور,-1,-1,6 October_Dissolve,ذكور,-1,-1,Helwan_Dissolve,ذكور,-1,-1;إناث "إناث" true true false 8 Double 0 0 ,First,#,egypt\gov,إناث,-1,-1,6 October_Dissolve,إناث,-1,-1,Helwan_Dissolve,إناث,-1,-1;متوسط_حجم_الأسرة "متوسط_حجم_الأسرة" true true false 8 Double 0 0 ,First,#,egypt\gov,متوسط_حجم_الأسرة,-1,-1,6 October_Dissolve,متوسط_حجم_الأسرة,-1,-1,Helwan_Dissolve,متوسط_حجم_الأسرة,-1,-1;نسبة_النوع "نسبة_النوع" true true false 8 Double 0 0 ,First,#,egypt\gov,نسبة_النوع,-1,-1;اقل_من_6سنوات "اقل_من_6سنوات" true true false 8 Double 0 0 ,First,#,egypt\gov,اقل_من_6سنوات,-1,-1;من_6_الى_أقل_من_10 "من_6_الى_أقل_من_10" true true false 8 Double 0 0 ,First,#,egypt\gov,من_6_الى_أقل_من_10,-1,-1;من_10_الى_أقل_من_15 "من_10_الى_أقل_من_15" true true false 8 Double 0 0 ,First,#,egypt\gov,من_10_الى_أقل_من_15,-1,-1;من_15_الى_أقل_من_45 "من_15_الى_أقل_من_45" true true false 8 Double 0 0 ,First,#,egypt\gov,من_15_الى_أقل_من_45,-1,-1;من_45_الى_أقل_من_60 "من_45_الى_أقل_من_60" true true false 8 Double 0 0 ,First,#,egypt\gov,من_45_الى_أقل_من_60,-1,-1;من_60_فأكثر "من_60_فأكثر" true true false 8 Double 0 0 ,First,#,egypt\gov,من_60_فأكثر,-1,-1;طبيعة_العمل_دائم "طبيعة_العمل_دائم" true true false 8 Double 0 0 ,First,#,egypt\gov,طبيعة_العمل_دائم,-1,-1;طبيعة_العمل_مؤقت "طبيعة_العمل_مؤقت" true true false 8 Double 0 0 ,First,#,egypt\gov,طبيعة_العمل_مؤقت,-1,-1;طبيعة_العمل_موسمى "طبيعة_العمل_موسمى" true true false 8 Double 0 0 ,First,#,egypt\gov,طبيعة_العمل_موسمى,-1,-1;طبيعة_العمل_متقطع "طبيعة_العمل_متقطع" true true false 8 Double 0 0 ,First,#,egypt\gov,طبيعة_العمل_متقطع,-1,-1;جمله_السكان "جمله_السكان" true true false 8 Double 0 0 ,First,#,egypt\gov,جمله_السكان,-1,-1;مشتغل "مشتغل" true true false 8 Double 0 0 ,First,#,egypt\gov,مشتغل,-1,-1;متعطل "متعطل" true true false 8 Double 0 0 ,First,#,egypt\gov,متعطل,-1,-1;لـم_يتـزوج_أبداً "لـم_يتـزوج_أبداً" true true false 8 Double 0 0 ,First,#,egypt\gov,لـم_يتـزوج_أبداً,-1,-1;عقـد_قـران "عقـد_قـران" true true false 8 Double 0 0 ,First,#,egypt\gov,عقـد_قـران,-1,-1;متـزوج "متـزوج" true true false 8 Double 0 0 ,First,#,egypt\gov,متـزوج,-1,-1;مطـلق "مطـلق" true true false 8 Double 0 0 ,First,#,egypt\gov,مطـلق,-1,-1;أرمـل "أرمـل" true true false 8 Double 0 0 ,First,#,egypt\gov,أرمـل,-1,-1;سلـيم "سلـيم" true true false 8 Double 0 0 ,First,#,egypt\gov,سلـيم,-1,-1;ذوي_الاحتيـاجـات_الخـاصة "ذوي_الاحتيـاجـات_الخـاصة" true true false 8 Double 0 0 ,First,#,egypt\gov,ذوي_الاحتيـاجـات_الخـاصة,-1,-1;أمى "أمى" true true false 8 Double 0 0 ,First,#,egypt\gov,أمى,-1,-1;يقرأ_ويكتب "يقرأ_ويكتب" true true false 8 Double 0 0 ,First,#,egypt\gov,يقرأ_ويكتب,-1,-1;محو_أمية "محو_أمية" true true false 8 Double 0 0 ,First,#,egypt\gov,محو_أمية,-1,-1;مؤهل_أقل_من_المتوسط "مؤهل_أقل_من_المتوسط" true true false 8 Double 0 0 ,First,#,egypt\gov,مؤهل_أقل_من_المتوسط,-1,-1;مؤهل_متوسط "مؤهل_متوسط" true true false 8 Double 0 0 ,First,#,egypt\gov,مؤهل_متوسط,-1,-1;مؤهل_فوق_المتوسط "مؤهل_فوق_المتوسط" true true false 8 Double 0 0 ,First,#,egypt\gov,مؤهل_فوق_المتوسط,-1,-1;مؤهل_جامعى_وأعلى "مؤهل_جامعى_وأعلى" true true false 8 Double 0 0 ,First,#,egypt\gov,مؤهل_جامعى_وأعلى,-1,-1;مصـري "مصـري" true true false 8 Double 0 0 ,First,#,egypt\gov,مصـري,-1,-1;أجنبـي "أجنبـي" true true false 8 Double 0 0 ,First,#,egypt\gov,أجنبـي,-1,-1;لم_يلتـحق_بالتعـليم "لم_يلتـحق_بالتعـليم" true true false 8 Double 0 0 ,First,#,egypt\gov,لم_يلتـحق_بالتعـليم,-1,-1;إلتحق_ولم_يتسـرب "إلتحق_ولم_يتسـرب" true true false 8 Double 0 0 ,First,#,egypt\gov,إلتحق_ولم_يتسـرب,-1,-1;التـحق_وتسرب "التـحق_وتسرب" true true false 8 Double 0 0 ,First,#,egypt\gov,التـحق_وتسرب,-1,-1;الصرف_الصحى_غير_متصل "الصرف_الصحى_غير_متصل" true true false 8 Double 0 0 ,First,#,egypt\gov,الصرف_الصحى_غير_متصل,-1,-1;الصرف_الصحى_متصل "الصرف_الصحى_متصل" true true false 8 Double 0 0 ,First,#,egypt\gov,الصرف_الصحى_متصل,-1,-1;الكهرباء_غير_متصل "الكهرباء_غير_متصل" true true false 8 Double 0 0 ,First,#,egypt\gov,الكهرباء_غير_متصل,-1,-1;الكهرباء_متصل "الكهرباء_متصل" true true false 8 Double 0 0 ,First,#,egypt\gov,الكهرباء_متصل,-1,-1;مياه_متصل "مياه_متصل" true true false 8 Double 0 0 ,First,#,egypt\gov,مياه_متصل,-1,-1;مياه_غير_متصل "مياه_غير_متصل" true true false 8 Double 0 0 ,First,#,egypt\gov,مياه_غير_متصل,-1,-1;عدد_المبنى "عدد_المبنى" true true false 8 Double 0 0 ,First,#,egypt\gov,عدد_المبنى,-1,-1;مبنى_سكنى "مبنى_سكنى" true true false 8 Double 0 0 ,First,#,egypt\gov,مبنى_سكنى,-1,-1;مبنى_للعمل "مبنى_للعمل" true true false 8 Double 0 0 ,First,#,egypt\gov,مبنى_للعمل,-1,-1;مبنى_للسكن_و_العمل "مبنى_للسكن_و_العمل" true true false 8 Double 0 0 ,First,#,egypt\gov,مبنى_للسكن_و_العمل,-1,-1;مبنى_خالى "مبنى_خالى" true true false 8 Double 0 0 ,First,#,egypt\gov,مبنى_خالى,-1,-1;مبانى_اخرى "مبانى_اخرى" true true false 8 Double 0 0 ,First,#,egypt\gov,مبانى_اخرى,-1,-1;عدد_المبانى_للوحدات "عدد_المبانى_للوحدات" true true false 8 Double 0 0 ,First,#,egypt\gov,عدد_المبانى_للوحدات,-1,-1;عدد_الوحدات "عدد_الوحدات" true true false 8 Double 0 0 ,First,#,egypt\gov,عدد_الوحدات,-1,-1;وحدات_للسكن "وحدات_للسكن" true true false 8 Double 0 0 ,First,#,egypt\gov,وحدات_للسكن,-1,-1;وحدات_للعمل "وحدات_للعمل" true true false 8 Double 0 0 ,First,#,egypt\gov,وحدات_للعمل,-1,-1;وحدات_للسكن_والعمل "وحدات_للسكن_والعمل" true true false 8 Double 0 0 ,First,#,egypt\gov,وحدات_للسكن_والعمل,-1,-1;وحدات_مسكن_عام "وحدات_مسكن_عام" true true false 8 Double 0 0 ,First,#,egypt\gov,وحدات_مسكن_عام,-1,-1;وحدات_مغلق_خالى "وحدات_مغلق_خالى" true true false 8 Double 0 0 ,First,#,egypt\gov,وحدات_مغلق_خالى,-1,-1;وحدلت_للاستخدام_اخر "وحدات_للاستخدام_اخر" true true false 8 Double 0 0 ,First,#,egypt\gov,وحدلت_للاستخدام_اخر,-1,-1;عدد_المبانى "عدد_المبانى" true true false 8 Double 0 0 ,First,#,egypt\gov,عدد_المبانى,-1,-1;شبكه_مياه_عامة "شبكه_مياه_عامة" true true false 8 Double 0 0 ,First,#,egypt\gov,شبكه_مياه_عامة,-1,-1;مياه_اخرى "مياه_اخرى" true true false 8 Double 0 0 ,First,#,egypt\gov,مياه_اخرى,-1,-1;لا_يوجد_مياه "لا_يوجد_مياه" true true false 8 Double 0 0 ,First,#,egypt\gov,لا_يوجد_مياه,-1,-1;شبكة_صرف_عامه "شبكة_صرف_عامه" true true false 8 Double 0 0 ,First,#,egypt\gov,شبكة_صرف_عامه,-1,-1;صرف_صحى_اخرى "صرف_صحى_اخرى" true true false 8 Double 0 0 ,First,#,egypt\gov,صرف_صحى_اخرى,-1,-1;لايوجد_شبكة_صرف "لايوجد_شبكة_صرف" true true false 8 Double 0 0 ,First,#,egypt\gov,لايوجد_شبكة_صرف,-1,-1;غاز_طبيعى_متصل "غاز_طبيعى_متصل" true true false 8 Double 0 0 ,First,#,egypt\gov,غاز_طبيعى_متصل,-1,-1;غاز_طبيعى_غير_متصل "غاز_طبيعى_غير_متصل" true true false 8 Double 0 0 ,First,#,egypt\gov,غاز_طبيعى_غير_متصل,-1,-1;شبكه_كهرباء_عامة "شبكه_كهرباء_عامة" true true false 8 Double 0 0 ,First,#,egypt\gov,شبكه_كهرباء_عامة,-1,-1;شبكه_اخرى "شبكه_اخرى" true true false 8 Double 0 0 ,First,#,egypt\gov,شبكه_اخرى,-1,-1;لايوجد_شبكة_كهرباء "لايوجد_شبكة_كهرباء" true true false 8 Double 0 0 ,First,#,egypt\gov,لايوجد_شبكة_كهرباء,-1,-1;عمارة "عمارة" true true false 8 Double 0 0 ,First,#,egypt\gov,عمارة,-1,-1;منزل "منزل" true true false 8 Double 0 0 ,First,#,egypt\gov,منزل,-1,-1;بيت_ريفى "بيت_ريفى" true true false 8 Double 0 0 ,First,#,egypt\gov,بيت_ريفى,-1,-1;فيلا_شالية "فيلا_شالية" true true false 8 Double 0 0 ,First,#,egypt\gov,فيلا_شالية,-1,-1;مبنى_عمل "مبنى_عمل" true true false 8 Double 0 0 ,First,#,egypt\gov,مبنى_عمل,-1,-1;مول "مول" true true false 8 Double 0 0 ,First,#,egypt\gov,مول,-1,-1;دكان_او_اكثر "دكان_او_اكثر" true true false 8 Double 0 0 ,First,#,egypt\gov,دكان_او_اكثر,-1,-1;كشك "كشك" true true false 8 Double 0 0 ,First,#,egypt\gov,كشك,-1,-1;عشة_او_خيمة "عشة_او_خيمة" true true false 8 Double 0 0 ,First,#,egypt\gov,عشة_او_خيمة,-1,-1;نوع_مبنى_اخر "نوع_مبنى_اخر" true true false 8 Double 0 0 ,First,#,egypt\gov,نوع_مبنى_اخر,-1,-1;ملكية_حكومية "ملكية_حكومية" true true false 8 Double 0 0 ,First,#,egypt\gov,ملكية_حكومية,-1,-1;ملكية_عامه_اعمال_اخرى "ملكية_عامه_اعمال_اخرى" true true false 8 Double 0 0 ,First,#,egypt\gov,ملكية_عامه_اعمال_اخرى,-1,-1;ملكيات_اخرى "ملكيات_اخرى" true true false 8 Double 0 0 ,First,#,egypt\gov,ملكيات_اخرى,-1,-1;مبنى_باكمله "مبنى_باكمله" true true false 8 Double 0 0 ,First,#,egypt\gov,مبنى_باكمله,-1,-1;دور_او_اكثر_او_جزء_من_من_الدور "دور_او_اكثر_او_جزء_من_من_الدور" true true false 8 Double 0 0 ,First,#,egypt\gov,دور_او_اكثر_او_جزء_من_من_الدور,-1,-1;شقة "شقة" true true false 8 Double 0 0 ,First,#,egypt\gov,شقة,-1,-1;حجرة_مستقلة_او_اكثر "حجرة_مستقلة_او_اكثر" true true false 8 Double 0 0 ,First,#,egypt\gov,حجرة_مستقلة_او_اكثر,-1,-1;دكان_اكثر "دكان_اكثر" true true false 8 Double 0 0 ,First,#,egypt\gov,دكان_اكثر,-1,-1;جراج "جراج" true true false 8 Double 0 0 ,First,#,egypt\gov,جراج,-1,-1;وحدات_اخرى "وحدات_اخرى" true true false 8 Double 0 0 ,First,#,egypt\gov,وحدات_اخرى,-1,-1;قطاع_حكومى "قطاع_حكومى" true true false 8 Double 0 0 ,First,#,egypt\gov,قطاع_حكومى,-1,-1;قطاع_عام_اعمال_اخرى "قطاع_عام_اعمال_اعامة" true true false 8 Double 0 0 ,First,#,egypt\gov,قطاع_عام_اعمال_اخرى,-1,-1;قطاع_خاص_استثمارى "قطاع_خاص_استثمارى" true true false 8 Double 0 0 ,First,#,egypt\gov,قطاع_خاص_استثمارى,-1,-1;قطاع_خاص_عادى "قطاع_خاص_عادى" true true false 8 Double 0 0 ,First,#,egypt\gov,قطاع_خاص_عادى,-1,-1;قطاع_مشترك "قطاع_مشترك" true true false 8 Double 0 0 ,First,#,egypt\gov,قطاع_مشترك,-1,-1;قطاع_تعاونى "قطاع_تعاونى" true true false 8 Double 0 0 ,First,#,egypt\gov,قطاع_تعاونى,-1,-1;جمعيات_مؤسسات "جمعيات_مؤسسات" true true false 8 Double 0 0 ,First,#,egypt\gov,جمعيات_مؤسسات,-1,-1;قطاعات_اخرى "قطاعات_اخرى" true true false 8 Double 0 0 ,First,#,egypt\gov,قطاعات_اخرى,-1,-1;عدد_المنشات_العاملة_المغلقة "عدد المنشات العاملة-المغلقة" true true false 8 Double 0 0 ,First,#,egypt\gov,عدد_المنشات_العاملة_المغلقة,-1,-1;فردى "فردى" true true false 8 Double 0 0 ,First,#,egypt\gov,فردى,-1,-1;تضامن "تضامن" true true false 8 Double 0 0 ,First,#,egypt\gov,تضامن,-1,-1;ورثة "ورثة" true true false 8 Double 0 0 ,First,#,egypt\gov,ورثة,-1,-1;توصية_بسيطة "توصية_بسيطة" true true false 8 Double 0 0 ,First,#,egypt\gov,توصية_بسيطة,-1,-1;توصية_بالاسهم "توصية_بالاسهم" true true false 8 Double 0 0 ,First,#,egypt\gov,توصية_بالاسهم,-1,-1;مسئولة_محدودة "مسئولة_محدودة" true true false 8 Double 0 0 ,First,#,egypt\gov,مسئولة_محدودة,-1,-1;مساهمة "مساهمة" true true false 8 Double 0 0 ,First,#,egypt\gov,مساهمة,-1,-1;فرع_شركة_اجنبية "فرع_شركة_اجنبية" true true false 8 Double 0 0 ,First,#,egypt\gov,فرع_شركة_اجنبية,-1,-1;كيان_قانونى_اخر "كيان_قانونى_اخر" true true false 8 Double 0 0 ,First,#,egypt\gov,كيان_قانونى_اخر,-1,-1;حائز_مصرى "حائز مصرى" true true false 8 Double 0 0 ,First,#,egypt\gov,حائز_مصرى,-1,-1;حائز_عربى "حائز_عربى" true true false 8 Double 0 0 ,First,#,egypt\gov,حائز_عربى,-1,-1;حائز_اجنبى "حائز_اجنبى" true true false 8 Double 0 0 ,First,#,egypt\gov,حائز_اجنبى,-1,-1;حائز_مشترك "حائز_مشترك" true true false 8 Double 0 0 ,First,#,egypt\gov,حائز_مشترك,-1,-1;عدد_المنشات "عدد_المنشات" true true false 8 Double 0 0 ,First,#,egypt\gov,عدد_المنشات,-1,-1;عاملة "عاملة" true true false 8 Double 0 0 ,First,#,egypt\gov,عاملة,-1,-1;مغلقه_مؤقتة "مغلقه" true true false 8 Double 0 0 ,First,#,egypt\gov,مغلقه_مؤقتة,-1,-1;مغلقه_نهائيا_متوقفة "مغلقه_نهائيا_متوقفة" true true false 8 Double 0 0 ,First,#,egypt\gov,مغلقه_نهائيا_متوقفة,-1,-1;مخزن_مغلق "مخزن_مغلق" true true false 8 Double 0 0 ,First,#,egypt\gov,مخزن_مغلق,-1,-1;تحت_التجهيز "تحت_التجهيز" true true false 8 Double 0 0 ,First,#,egypt\gov,تحت_التجهيز,-1,-1;مكان_منشأة_خالى "مكان_منشأة_خالى" true true false 8 Double 0 0 ,First,#,egypt\gov,مكان_منشأة_خالى,-1,-1;حالة_عمل_اخرى "حالة_عمل_اخرى" true true false 8 Double 0 0 ,First,#,egypt\gov,حالة_عمل_اخرى,-1,-1;عدد_المنشات_العاملة "عدد_المنشات_العاملة" true true false 8 Double 0 0 ,First,#,egypt\gov,عدد_المنشات_العاملة,-1,-1;اصحاب_عمل_بدون_اجر "اصحاب_عمل_بدون_اجر-ذكور" true true false 8 Double 0 0 ,First,#,egypt\gov,اصحاب_عمل_بدون_اجر,-1,-1;اصحاب_عمل_بدون_اجر_اناث "اصحاب_عمل_بدون_اجر_اناث" true true false 8 Double 0 0 ,First,#,egypt\gov,اصحاب_عمل_بدون_اجر_اناث,-1,-1;جملة_اصحاب_العمل_بدون_اجر "جملة_اصحاب_العمل_بدون_اجر" true true false 8 Double 0 0 ,First,#,egypt\gov,جملة_اصحاب_العمل_بدون_اجر,-1,-1;مستخدم_باجر_وبدون_ذكور "مستخدم_باجر_وبدون_ذكور" true true false 8 Double 0 0 ,First,#,egypt\gov,مستخدم_باجر_وبدون_ذكور,-1,-1;مستخدم_باجر_وبدون_اناث "مستخدم_باجر_وبدون_اناث" true true false 8 Double 0 0 ,First,#,egypt\gov,مستخدم_باجر_وبدون_اناث,-1,-1;جملة_مستخدم_باجر_وبدون "جملة_مستخدم_باجر_وبدون" true true false 8 Double 0 0 ,First,#,egypt\gov,جملة_مستخدم_باجر_وبدون,-1,-1;اجمال_المشتغلين_ذكور "اجمال-المشتغلين-ذكور" true true false 8 Double 0 0 ,First,#,egypt\gov,اجمال_المشتغلين_ذكور,-1,-1;اجمال_المشتغلين_اناث "اجمال_المشتغلين_اناث" true true false 8 Double 0 0 ,First,#,egypt\gov,اجمال_المشتغلين_اناث,-1,-1;اجمال_المشتغلين "اجمال_المشتغلين" true true false 8 Double 0 0 ,First,#,egypt\gov,اجمال_المشتغلين,-1,-1;code "code" true true false 8 Double 0 0 ,First,#,egypt\gov,code,-1,-1;ملكية_خاصة "ملكية_خاصة" true true false 8 Double 0 0 ,First,#,egypt\gov,ملكية_خاصة,-1,-1;SHAPE_Length "SHAPE_Length" false true true 8 Double 0 0 ,First,#,egypt\gov,SHAPE_Length,-1,-1,6 October_Dissolve,SHAPE_Length,-1,-1,Helwan_Dissolve,SHAPE_Length,-1,-1;SHAPE_Area "SHAPE_Area" false true true 8 Double 0 0 ,First,#,egypt\gov,SHAPE_Area,-1,-1,6 October_Dissolve,SHAPE_Area,-1,-1,Helwan_Dissolve,SHAPE_Area,-1,-1;hanan "hanan" true true false 2 Short 0 0 ,First,#,egypt\gov,hanan,-1,-1;hanan2 "hanan2" true true false 8 Double 0 0 ,First,#,egypt\gov,hanan2,-1,-1;fr "fr" true true false 2 Short 0 0 ,First,#,egypt\gov,fr,-1,-1;fr2 "fr2" true true false 8 Double 0 0 ,First,#,egypt\gov,fr2,-1,-1;عدد_الحوادث "عدد_الحوادث" true true false 4 Long 0 0 ,First,#,egypt\gov,عدد_الحوادث,-1,-1;accno "accno" true true false 4 Long 0 0 ,First,#,egypt\gov,accno,-1,-1;الجرائم "الجرائم" true true false 4 Long 0 0 ,First,#,egypt\gov,الجرائم,-1,-1;الوفيات "الوفيات" true true false 4 Long 0 0 ,First,#,egypt\gov,الوفيات,-1,-1;fr_1 "fr_1" true true false 8 Double 0 0 ,First,#,egypt\gov,fr_1,-1,-1;hhh "hhh" true true false 50 Text 0 0 ,First,#,egypt\gov,hhh,-1,-1;Prec "Prec" true true false 8 Double 0 0 ,First,#,egypt\gov,Prec,-1,-1"</Process></lineage></DataProperties><SyncDate>20221210</SyncDate><SyncTime>10143900</SyncTime><ModDate>20221210</ModDate><ModTime>10143900</ModTime></Esri><dataIdInfo><envirDesc Sync="TRUE"> Version 6.2 (Build 9200) ; Esri ArcGIS 10.8.0.12790</envirDesc><dataLang><languageCode value="eng" Sync="TRUE"></languageCode><countryCode value="USA" Sync="TRUE"></countryCode></dataLang><idCitation><resTitle Sync="TRUE">gov_Merge10</resTitle><presForm><PresFormCd value="005" Sync="TRUE"></PresFormCd></presForm></idCitation><spatRpType><SpatRepTypCd value="001" Sync="TRUE"></SpatRepTypCd></spatRpType></dataIdInfo><mdLang><languageCode value="eng" Sync="TRUE"></languageCode><countryCode value="USA" Sync="TRUE"></countryCode></mdLang><distInfo><distFormat><formatName Sync="TRUE">File Geodatabase Feature Class</formatName></distFormat></distInfo><mdHrLv><ScopeCd value="005" Sync="TRUE"></ScopeCd></mdHrLv><mdHrLvName Sync="TRUE">dataset</mdHrLvName><refSysInfo><RefSystem><refSysID><identCode code="32636" Sync="TRUE"></identCode><idCodeSpace Sync="TRUE">EPSG</idCodeSpace><idVersion Sync="TRUE">7.1(3.0.1)</idVersion></refSysID></RefSystem></refSysInfo><spatRepInfo><VectSpatRep><geometObjs Name="gov_Merge10"><geoObjTyp><GeoObjTypCd value="002" Sync="TRUE"></GeoObjTypCd></geoObjTyp><geoObjCnt Sync="TRUE">0</geoObjCnt></geometObjs><topLvl><TopoLevCd value="001" Sync="TRUE"></TopoLevCd></topLvl></VectSpatRep></spatRepInfo><spdoinfo><ptvctinf><esriterm Name="gov_Merge10"><efeatyp Sync="TRUE">Simple</efeatyp><efeageom code="4" Sync="TRUE"></efeageom><esritopo Sync="TRUE">FALSE</esritopo><efeacnt Sync="TRUE">0</efeacnt><spindex Sync="TRUE">TRUE</spindex><linrefer Sync="TRUE">FALSE</linrefer></esriterm></ptvctinf></spdoinfo><eainfo><detailed Name="gov_Merge10"><enttyp><enttypl Sync="TRUE">gov_Merge10</enttypl><enttypt Sync="TRUE">Feature Class</enttypt><enttypc Sync="TRUE">0</enttypc></enttyp><attr><attrlabl Sync="TRUE">OBJECTID</attrlabl><attalias Sync="TRUE">OBJECTID</attalias><attrtype Sync="TRUE">OID</attrtype><attwidth Sync="TRUE">4</attwidth><atprecis Sync="TRUE">0</atprecis><attscale Sync="TRUE">0</attscale><attrdef Sync="TRUE">Internal feature number.</attrdef><attrdefs Sync="TRUE">Esri</attrdefs><attrdomv><udom Sync="TRUE">Sequential unique whole numbers that are automatically generated.</udom></attrdomv></attr><attr><attrlabl Sync="TRUE">Shape</attrlabl><attalias Sync="TRUE">Shape</attalias><attrtype Sync="TRUE">Geometry</attrtype><attwidth Sync="TRUE">0</attwidth><atprecis Sync="TRUE">0</atprecis><attscale Sync="TRUE">0</attscale><attrdef Sync="TRUE">Feature geometry.</attrdef><attrdefs Sync="TRUE">Esri</attrdefs><attrdomv><udom Sync="TRUE">Coordinates defining the features.</udom></attrdomv></attr><attr><attrlabl Sync="TRUE">اسم_المحافظه</attrlabl><attalias Sync="TRUE">اسم_المحافظه</attalias><attrtype Sync="TRUE">String</attrtype><attwidth Sync="TRUE">50</attwidth><atprecis Sync="TRUE">0</atprecis><attscale Sync="TRUE">0</attscale></attr><attr><attrlabl Sync="TRUE">كود_المحافظه</attrlabl><attalias Sync="TRUE">كود_المحافظه</attalias><attrtype Sync="TRUE">String</attrtype><attwidth Sync="TRUE">50</attwidth><atprecis Sync="TRUE">0</atprecis><attscale Sync="TRUE">0</attscale></attr><attr><attrlabl Sync="TRUE">عدد_الأسر</attrlabl><attalias Sync="TRUE">عدد_الأسر</attalias><attrtype Sync="TRUE">Double</attrtype><attwidth Sync="TRUE">8</attwidth><atprecis Sync="TRUE">0</atprecis><attscale Sync="TRUE">0</attscale></attr><attr><attrlabl Sync="TRUE">ذكور</attrlabl><attalias Sync="TRUE">ذكور</attalias><attrtype Sync="TRUE">Double</attrtype><attwidth Sync="TRUE">8</attwidth><atprecis Sync="TRUE">0</atprecis><attscale Sync="TRUE">0</attscale></attr><attr><attrlabl Sync="TRUE">إناث</attrlabl><attalias Sync="TRUE">إناث</attalias><attrtype Sync="TRUE">Double</attrtype><attwidth Sync="TRUE">8</attwidth><atprecis Sync="TRUE">0</atprecis><attscale Sync="TRUE">0</attscale></attr><attr><attrlabl Sync="TRUE">متوسط_حجم_الأسرة</attrlabl><attalias Sync="TRUE">متوسط_حجم_الأسرة</attalias><attrtype Sync="TRUE">Double</attrtype><attwidth Sync="TRUE">8</attwidth><atprecis Sync="TRUE">0</atprecis><attscale Sync="TRUE">0</attscale></attr><attr><attrlabl Sync="TRUE">نسبة_النوع</attrlabl><attalias Sync="TRUE">نسبة_النوع</attalias><attrtype Sync="TRUE">Double</attrtype><attwidth Sync="TRUE">8</attwidth><atprecis Sync="TRUE">0</atprecis><attscale Sync="TRUE">0</attscale></attr><attr><attrlabl Sync="TRUE">اقل_من_6سنوات</attrlabl><attalias Sync="TRUE">اقل_من_6سنوات</attalias><attrtype Sync="TRUE">Double</attrtype><attwidth Sync="TRUE">8</attwidth><atprecis Sync="TRUE">0</atprecis><attscale Sync="TRUE">0</attscale></attr><attr><attrlabl Sync="TRUE">من_6_الى_أقل_من_10</attrlabl><attalias Sync="TRUE">من_6_الى_أقل_من_10</attalias><attrtype Sync="TRUE">Double</attrtype><attwidth Sync="TRUE">8</attwidth><atprecis Sync="TRUE">0</atprecis><attscale Sync="TRUE">0</attscale></attr><attr><attrlabl Sync="TRUE">من_10_الى_أقل_من_15</attrlabl><attalias Sync="TRUE">من_10_الى_أقل_من_15</attalias><attrtype Sync="TRUE">Double</attrtype><attwidth Sync="TRUE">8</attwidth><atprecis Sync="TRUE">0</atprecis><attscale Sync="TRUE">0</attscale></attr><attr><attrlabl Sync="TRUE">من_15_الى_أقل_من_45</attrlabl><attalias Sync="TRUE">من_15_الى_أقل_من_45</attalias><attrtype Sync="TRUE">Double</attrtype><attwidth Sync="TRUE">8</attwidth><atprecis Sync="TRUE">0</atprecis><attscale Sync="TRUE">0</attscale></attr><attr><attrlabl Sync="TRUE">من_45_الى_أقل_من_60</attrlabl><attalias Sync="TRUE">من_45_الى_أقل_من_60</attalias><attrtype Sync="TRUE">Double</attrtype><attwidth Sync="TRUE">8</attwidth><atprecis Sync="TRUE">0</atprecis><attscale Sync="TRUE">0</attscale></attr><attr><attrlabl Sync="TRUE">من_60_فأكثر</attrlabl><attalias Sync="TRUE">من_60_فأكثر</attalias><attrtype Sync="TRUE">Double</attrtype><attwidth Sync="TRUE">8</attwidth><atprecis Sync="TRUE">0</atprecis><attscale Sync="TRUE">0</attscale></attr><attr><attrlabl Sync="TRUE">طبيعة_العمل_دائم</attrlabl><attalias Sync="TRUE">طبيعة_العمل_دائم</attalias><attrtype Sync="TRUE">Double</attrtype><attwidth Sync="TRUE">8</attwidth><atprecis Sync="TRUE">0</atprecis><attscale Sync="TRUE">0</attscale></attr><attr><attrlabl Sync="TRUE">طبيعة_العمل_مؤقت</attrlabl><attalias Sync="TRUE">طبيعة_العمل_مؤقت</attalias><attrtype Sync="TRUE">Double</attrtype><attwidth Sync="TRUE">8</attwidth><atprecis Sync="TRUE">0</atprecis><attscale Sync="TRUE">0</attscale></attr><attr><attrlabl Sync="TRUE">طبيعة_العمل_موسمى</attrlabl><attalias Sync="TRUE">طبيعة_العمل_موسمى</attalias><attrtype Sync="TRUE">Double</attrtype><attwidth Sync="TRUE">8</attwidth><atprecis Sync="TRUE">0</atprecis><attscale Sync="TRUE">0</attscale></attr><attr><attrlabl Sync="TRUE">طبيعة_العمل_متقطع</attrlabl><attalias Sync="TRUE">طبيعة_العمل_متقطع</attalias><attrtype Sync="TRUE">Double</attrtype><attwidth Sync="TRUE">8</attwidth><atprecis Sync="TRUE">0</atprecis><attscale Sync="TRUE">0</attscale></attr><attr><attrlabl Sync="TRUE">جمله_السكان</attrlabl><attalias Sync="TRUE">جمله_السكان</attalias><attrtype Sync="TRUE">Double</attrtype><attwidth Sync="TRUE">8</attwidth><atprecis Sync="TRUE">0</atprecis><attscale Sync="TRUE">0</attscale></attr><attr><attrlabl Sync="TRUE">مشتغل</attrlabl><attalias Sync="TRUE">مشتغل</attalias><attrtype Sync="TRUE">Double</attrtype><attwidth Sync="TRUE">8</attwidth><atprecis Sync="TRUE">0</atprecis><attscale Sync="TRUE">0</attscale></attr><attr><attrlabl Sync="TRUE">متعطل</attrlabl><attalias Sync="TRUE">متعطل</attalias><attrtype Sync="TRUE">Double</attrtype><attwidth Sync="TRUE">8</attwidth><atprecis Sync="TRUE">0</atprecis><attscale Sync="TRUE">0</attscale></attr><attr><attrlabl Sync="TRUE">لـم_يتـزوج_أبداً</attrlabl><attalias Sync="TRUE">لـم_يتـزوج_أبداً</attalias><attrtype Sync="TRUE">Double</attrtype><attwidth Sync="TRUE">8</attwidth><atprecis Sync="TRUE">0</atprecis><attscale Sync="TRUE">0</attscale></attr><attr><attrlabl Sync="TRUE">عقـد_قـران</attrlabl><attalias Sync="TRUE">عقـد_قـران</attalias><attrtype Sync="TRUE">Double</attrtype><attwidth Sync="TRUE">8</attwidth><atprecis Sync="TRUE">0</atprecis><attscale Sync="TRUE">0</attscale></attr><attr><attrlabl Sync="TRUE">متـزوج</attrlabl><attalias Sync="TRUE">متـزوج</attalias><attrtype Sync="TRUE">Double</attrtype><attwidth Sync="TRUE">8</attwidth><atprecis Sync="TRUE">0</atprecis><attscale Sync="TRUE">0</attscale></attr><attr><attrlabl Sync="TRUE">مطـلق</attrlabl><attalias Sync="TRUE">مطـلق</attalias><attrtype Sync="TRUE">Double</attrtype><attwidth Sync="TRUE">8</attwidth><atprecis Sync="TRUE">0</atprecis><attscale Sync="TRUE">0</attscale></attr><attr><attrlabl Sync="TRUE">أرمـل</attrlabl><attalias Sync="TRUE">أرمـل</attalias><attrtype Sync="TRUE">Double</attrtype><attwidth Sync="TRUE">8</attwidth><atprecis Sync="TRUE">0</atprecis><attscale Sync="TRUE">0</attscale></attr><attr><attrlabl Sync="TRUE">سلـيم</attrlabl><attalias Sync="TRUE">سلـيم</attalias><attrtype Sync="TRUE">Double</attrtype><attwidth Sync="TRUE">8</attwidth><atprecis Sync="TRUE">0</atprecis><attscale Sync="TRUE">0</attscale></attr><attr><attrlabl Sync="TRUE">ذوي_الاحتيـاجـات_الخـاصة</attrlabl><attalias Sync="TRUE">ذوي_الاحتيـاجـات_الخـاصة</attalias><attrtype Sync="TRUE">Double</attrtype><attwidth Sync="TRUE">8</attwidth><atprecis Sync="TRUE">0</atprecis><attscale Sync="TRUE">0</attscale></attr><attr><attrlabl Sync="TRUE">أمى</attrlabl><attalias Sync="TRUE">أمى</attalias><attrtype Sync="TRUE">Double</attrtype><attwidth Sync="TRUE">8</attwidth><atprecis Sync="TRUE">0</atprecis><attscale Sync="TRUE">0</attscale></attr><attr><attrlabl Sync="TRUE">يقرأ_ويكتب</attrlabl><attalias Sync="TRUE">يقرأ_ويكتب</attalias><attrtype Sync="TRUE">Double</attrtype><attwidth Sync="TRUE">8</attwidth><atprecis Sync="TRUE">0</atprecis><attscale Sync="TRUE">0</attscale></attr><attr><attrlabl Sync="TRUE">محو_أمية</attrlabl><attalias Sync="TRUE">محو_أمية</attalias><attrtype Sync="TRUE">Double</attrtype><attwidth Sync="TRUE">8</attwidth><atprecis Sync="TRUE">0</atprecis><attscale Sync="TRUE">0</attscale></attr><attr><attrlabl Sync="TRUE">مؤهل_أقل_من_المتوسط</attrlabl><attalias Sync="TRUE">مؤهل_أقل_من_المتوسط</attalias><attrtype Sync="TRUE">Double</attrtype><attwidth Sync="TRUE">8</attwidth><atprecis Sync="TRUE">0</atprecis><attscale Sync="TRUE">0</attscale></attr><attr><attrlabl Sync="TRUE">مؤهل_متوسط</attrlabl><attalias Sync="TRUE">مؤهل_متوسط</attalias><attrtype Sync="TRUE">Double</attrtype><attwidth Sync="TRUE">8</attwidth><atprecis Sync="TRUE">0</atprecis><attscale Sync="TRUE">0</attscale></attr><attr><attrlabl Sync="TRUE">مؤهل_فوق_المتوسط</attrlabl><attalias Sync="TRUE">مؤهل_فوق_المتوسط</attalias><attrtype Sync="TRUE">Double</attrtype><attwidth Sync="TRUE">8</attwidth><atprecis Sync="TRUE">0</atprecis><attscale Sync="TRUE">0</attscale></attr><attr><attrlabl Sync="TRUE">مؤهل_جامعى_وأعلى</attrlabl><attalias Sync="TRUE">مؤهل_جامعى_وأعلى</attalias><attrtype Sync="TRUE">Double</attrtype><attwidth Sync="TRUE">8</attwidth><atprecis Sync="TRUE">0</atprecis><attscale Sync="TRUE">0</attscale></attr><attr><attrlabl Sync="TRUE">مصـري</attrlabl><attalias Sync="TRUE">مصـري</attalias><attrtype Sync="TRUE">Double</attrtype><attwidth Sync="TRUE">8</attwidth><atprecis Sync="TRUE">0</atprecis><attscale Sync="TRUE">0</attscale></attr><attr><attrlabl Sync="TRUE">أجنبـي</attrlabl><attalias Sync="TRUE">أجنبـي</attalias><attrtype Sync="TRUE">Double</attrtype><attwidth Sync="TRUE">8</attwidth><atprecis Sync="TRUE">0</atprecis><attscale Sync="TRUE">0</attscale></attr><attr><attrlabl Sync="TRUE">لم_يلتـحق_بالتعـليم</attrlabl><attalias Sync="TRUE">لم_يلتـحق_بالتعـليم</attalias><attrtype Sync="TRUE">Double</attrtype><attwidth Sync="TRUE">8</attwidth><atprecis Sync="TRUE">0</atprecis><attscale Sync="TRUE">0</attscale></attr><attr><attrlabl Sync="TRUE">إلتحق_ولم_يتسـرب</attrlabl><attalias Sync="TRUE">إلتحق_ولم_يتسـرب</attalias><attrtype Sync="TRUE">Double</attrtype><attwidth Sync="TRUE">8</attwidth><atprecis Sync="TRUE">0</atprecis><attscale Sync="TRUE">0</attscale></attr><attr><attrlabl Sync="TRUE">التـحق_وتسرب</attrlabl><attalias Sync="TRUE">التـحق_وتسرب</attalias><attrtype Sync="TRUE">Double</attrtype><attwidth Sync="TRUE">8</attwidth><atprecis Sync="TRUE">0</atprecis><attscale Sync="TRUE">0</attscale></attr><attr><attrlabl Sync="TRUE">الصرف_الصحى_غير_متصل</attrlabl><attalias Sync="TRUE">الصرف_الصحى_غير_متصل</attalias><attrtype Sync="TRUE">Double</attrtype><attwidth Sync="TRUE">8</attwidth><atprecis Sync="TRUE">0</atprecis><attscale Sync="TRUE">0</attscale></attr><attr><attrlabl Sync="TRUE">الصرف_الصحى_متصل</attrlabl><attalias Sync="TRUE">الصرف_الصحى_متصل</attalias><attrtype Sync="TRUE">Double</attrtype><attwidth Sync="TRUE">8</attwidth><atprecis Sync="TRUE">0</atprecis><attscale Sync="TRUE">0</attscale></attr><attr><attrlabl Sync="TRUE">الكهرباء_غير_متصل</attrlabl><attalias Sync="TRUE">الكهرباء_غير_متصل</attalias><attrtype Sync="TRUE">Double</attrtype><attwidth Sync="TRUE">8</attwidth><atprecis Sync="TRUE">0</atprecis><attscale Sync="TRUE">0</attscale></attr><attr><attrlabl Sync="TRUE">الكهرباء_متصل</attrlabl><attalias Sync="TRUE">الكهرباء_متصل</attalias><attrtype Sync="TRUE">Double</attrtype><attwidth Sync="TRUE">8</attwidth><atprecis Sync="TRUE">0</atprecis><attscale Sync="TRUE">0</attscale></attr><attr><attrlabl Sync="TRUE">مياه_متصل</attrlabl><attalias Sync="TRUE">مياه_متصل</attalias><attrtype Sync="TRUE">Double</attrtype><attwidth Sync="TRUE">8</attwidth><atprecis Sync="TRUE">0</atprecis><attscale Sync="TRUE">0</attscale></attr><attr><attrlabl Sync="TRUE">مياه_غير_متصل</attrlabl><attalias Sync="TRUE">مياه_غير_متصل</attalias><attrtype Sync="TRUE">Double</attrtype><attwidth Sync="TRUE">8</attwidth><atprecis Sync="TRUE">0</atprecis><attscale Sync="TRUE">0</attscale></attr><attr><attrlabl Sync="TRUE">عدد_المبنى</attrlabl><attalias Sync="TRUE">عدد_المبنى</attalias><attrtype Sync="TRUE">Double</attrtype><attwidth Sync="TRUE">8</attwidth><atprecis Sync="TRUE">0</atprecis><attscale Sync="TRUE">0</attscale></attr><attr><attrlabl Sync="TRUE">مبنى_سكنى</attrlabl><attalias Sync="TRUE">مبنى_سكنى</attalias><attrtype Sync="TRUE">Double</attrtype><attwidth Sync="TRUE">8</attwidth><atprecis Sync="TRUE">0</atprecis><attscale Sync="TRUE">0</attscale></attr><attr><attrlabl Sync="TRUE">مبنى_للعمل</attrlabl><attalias Sync="TRUE">مبنى_للعمل</attalias><attrtype Sync="TRUE">Double</attrtype><attwidth Sync="TRUE">8</attwidth><atprecis Sync="TRUE">0</atprecis><attscale Sync="TRUE">0</attscale></attr><attr><attrlabl Sync="TRUE">مبنى_للسكن_و_العمل</attrlabl><attalias Sync="TRUE">مبنى_للسكن_و_العمل</attalias><attrtype Sync="TRUE">Double</attrtype><attwidth Sync="TRUE">8</attwidth><atprecis Sync="TRUE">0</atprecis><attscale Sync="TRUE">0</attscale></attr><attr><attrlabl Sync="TRUE">مبنى_خالى</attrlabl><attalias Sync="TRUE">مبنى_خالى</attalias><attrtype Sync="TRUE">Double</attrtype><attwidth Sync="TRUE">8</attwidth><atprecis Sync="TRUE">0</atprecis><attscale Sync="TRUE">0</attscale></attr><attr><attrlabl Sync="TRUE">مبانى_اخرى</attrlabl><attalias Sync="TRUE">مبانى_اخرى</attalias><attrtype Sync="TRUE">Double</attrtype><attwidth Sync="TRUE">8</attwidth><atprecis Sync="TRUE">0</atprecis><attscale Sync="TRUE">0</attscale></attr><attr><attrlabl Sync="TRUE">عدد_المبانى_للوحدات</attrlabl><attalias Sync="TRUE">عدد_المبانى_للوحدات</attalias><attrtype Sync="TRUE">Double</attrtype><attwidth Sync="TRUE">8</attwidth><atprecis Sync="TRUE">0</atprecis><attscale Sync="TRUE">0</attscale></attr><attr><attrlabl Sync="TRUE">عدد_الوحدات</attrlabl><attalias Sync="TRUE">عدد_الوحدات</attalias><attrtype Sync="TRUE">Double</attrtype><attwidth Sync="TRUE">8</attwidth><atprecis Sync="TRUE">0</atprecis><attscale Sync="TRUE">0</attscale></attr><attr><attrlabl Sync="TRUE">وحدات_للسكن</attrlabl><attalias Sync="TRUE">وحدات_للسكن</attalias><attrtype Sync="TRUE">Double</attrtype><attwidth Sync="TRUE">8</attwidth><atprecis Sync="TRUE">0</atprecis><attscale Sync="TRUE">0</attscale></attr><attr><attrlabl Sync="TRUE">وحدات_للعمل</attrlabl><attalias Sync="TRUE">وحدات_للعمل</attalias><attrtype Sync="TRUE">Double</attrtype><attwidth Sync="TRUE">8</attwidth><atprecis Sync="TRUE">0</atprecis><attscale Sync="TRUE">0</attscale></attr><attr><attrlabl Sync="TRUE">وحدات_للسكن_والعمل</attrlabl><attalias Sync="TRUE">وحدات_للسكن_والعمل</attalias><attrtype Sync="TRUE">Double</attrtype><attwidth Sync="TRUE">8</attwidth><atprecis Sync="TRUE">0</atprecis><attscale Sync="TRUE">0</attscale></attr><attr><attrlabl Sync="TRUE">وحدات_مسكن_عام</attrlabl><attalias Sync="TRUE">وحدات_مسكن_عام</attalias><attrtype Sync="TRUE">Double</attrtype><attwidth Sync="TRUE">8</attwidth><atprecis Sync="TRUE">0</atprecis><attscale Sync="TRUE">0</attscale></attr><attr><attrlabl Sync="TRUE">وحدات_مغلق_خالى</attrlabl><attalias Sync="TRUE">وحدات_مغلق_خالى</attalias><attrtype Sync="TRUE">Double</attrtype><attwidth Sync="TRUE">8</attwidth><atprecis Sync="TRUE">0</atprecis><attscale Sync="TRUE">0</attscale></attr><attr><attrlabl Sync="TRUE">وحدلت_للاستخدام_اخر</attrlabl><attalias Sync="TRUE">وحدات_للاستخدام_اخر</attalias><attrtype Sync="TRUE">Double</attrtype><attwidth Sync="TRUE">8</attwidth><atprecis Sync="TRUE">0</atprecis><attscale Sync="TRUE">0</attscale></attr><attr><attrlabl Sync="TRUE">عدد_المبانى</attrlabl><attalias Sync="TRUE">عدد_المبانى</attalias><attrtype Sync="TRUE">Double</attrtype><attwidth Sync="TRUE">8</attwidth><atprecis Sync="TRUE">0</atprecis><attscale Sync="TRUE">0</attscale></attr><attr><attrlabl Sync="TRUE">شبكه_مياه_عامة</attrlabl><attalias Sync="TRUE">شبكه_مياه_عامة</attalias><attrtype Sync="TRUE">Double</attrtype><attwidth Sync="TRUE">8</attwidth><atprecis Sync="TRUE">0</atprecis><attscale Sync="TRUE">0</attscale></attr><attr><attrlabl Sync="TRUE">مياه_اخرى</attrlabl><attalias Sync="TRUE">مياه_اخرى</attalias><attrtype Sync="TRUE">Double</attrtype><attwidth Sync="TRUE">8</attwidth><atprecis Sync="TRUE">0</atprecis><attscale Sync="TRUE">0</attscale></attr><attr><attrlabl Sync="TRUE">لا_يوجد_مياه</attrlabl><attalias Sync="TRUE">لا_يوجد_مياه</attalias><attrtype Sync="TRUE">Double</attrtype><attwidth Sync="TRUE">8</attwidth><atprecis Sync="TRUE">0</atprecis><attscale Sync="TRUE">0</attscale></attr><attr><attrlabl Sync="TRUE">شبكة_صرف_عامه</attrlabl><attalias Sync="TRUE">شبكة_صرف_عامه</attalias><attrtype Sync="TRUE">Double</attrtype><attwidth Sync="TRUE">8</attwidth><atprecis Sync="TRUE">0</atprecis><attscale Sync="TRUE">0</attscale></attr><attr><attrlabl Sync="TRUE">صرف_صحى_اخرى</attrlabl><attalias Sync="TRUE">صرف_صحى_اخرى</attalias><attrtype Sync="TRUE">Double</attrtype><attwidth Sync="TRUE">8</attwidth><atprecis Sync="TRUE">0</atprecis><attscale Sync="TRUE">0</attscale></attr><attr><attrlabl Sync="TRUE">لايوجد_شبكة_صرف</attrlabl><attalias Sync="TRUE">لايوجد_شبكة_صرف</attalias><attrtype Sync="TRUE">Double</attrtype><attwidth Sync="TRUE">8</attwidth><atprecis Sync="TRUE">0</atprecis><attscale Sync="TRUE">0</attscale></attr><attr><attrlabl Sync="TRUE">غاز_طبيعى_متصل</attrlabl><attalias Sync="TRUE">غاز_طبيعى_متصل</attalias><attrtype Sync="TRUE">Double</attrtype><attwidth Sync="TRUE">8</attwidth><atprecis Sync="TRUE">0</atprecis><attscale Sync="TRUE">0</attscale></attr><attr><attrlabl Sync="TRUE">غاز_طبيعى_غير_متصل</attrlabl><attalias Sync="TRUE">غاز_طبيعى_غير_متصل</attalias><attrtype Sync="TRUE">Double</attrtype><attwidth Sync="TRUE">8</attwidth><atprecis Sync="TRUE">0</atprecis><attscale Sync="TRUE">0</attscale></attr><attr><attrlabl Sync="TRUE">شبكه_كهرباء_عامة</attrlabl><attalias Sync="TRUE">شبكه_كهرباء_عامة</attalias><attrtype Sync="TRUE">Double</attrtype><attwidth Sync="TRUE">8</attwidth><atprecis Sync="TRUE">0</atprecis><attscale Sync="TRUE">0</attscale></attr><attr><attrlabl Sync="TRUE">شبكه_اخرى</attrlabl><attalias Sync="TRUE">شبكه_اخرى</attalias><attrtype Sync="TRUE">Double</attrtype><attwidth Sync="TRUE">8</attwidth><atprecis Sync="TRUE">0</atprecis><attscale Sync="TRUE">0</attscale></attr><attr><attrlabl Sync="TRUE">لايوجد_شبكة_كهرباء</attrlabl><attalias Sync="TRUE">لايوجد_شبكة_كهرباء</attalias><attrtype Sync="TRUE">Double</attrtype><attwidth Sync="TRUE">8</attwidth><atprecis Sync="TRUE">0</atprecis><attscale Sync="TRUE">0</attscale></attr><attr><attrlabl Sync="TRUE">عمارة</attrlabl><attalias Sync="TRUE">عمارة</attalias><attrtype Sync="TRUE">Double</attrtype><attwidth Sync="TRUE">8</attwidth><atprecis Sync="TRUE">0</atprecis><attscale Sync="TRUE">0</attscale></attr><attr><attrlabl Sync="TRUE">منزل</attrlabl><attalias Sync="TRUE">منزل</attalias><attrtype Sync="TRUE">Double</attrtype><attwidth Sync="TRUE">8</attwidth><atprecis Sync="TRUE">0</atprecis><attscale Sync="TRUE">0</attscale></attr><attr><attrlabl Sync="TRUE">بيت_ريفى</attrlabl><attalias Sync="TRUE">بيت_ريفى</attalias><attrtype Sync="TRUE">Double</attrtype><attwidth Sync="TRUE">8</attwidth><atprecis Sync="TRUE">0</atprecis><attscale Sync="TRUE">0</attscale></attr><attr><attrlabl Sync="TRUE">فيلا_شالية</attrlabl><attalias Sync="TRUE">فيلا_شالية</attalias><attrtype Sync="TRUE">Double</attrtype><attwidth Sync="TRUE">8</attwidth><atprecis Sync="TRUE">0</atprecis><attscale Sync="TRUE">0</attscale></attr><attr><attrlabl Sync="TRUE">مبنى_عمل</attrlabl><attalias Sync="TRUE">مبنى_عمل</attalias><attrtype Sync="TRUE">Double</attrtype><attwidth Sync="TRUE">8</attwidth><atprecis Sync="TRUE">0</atprecis><attscale Sync="TRUE">0</attscale></attr><attr><attrlabl Sync="TRUE">مول</attrlabl><attalias Sync="TRUE">مول</attalias><attrtype Sync="TRUE">Double</attrtype><attwidth Sync="TRUE">8</attwidth><atprecis Sync="TRUE">0</atprecis><attscale Sync="TRUE">0</attscale></attr><attr><attrlabl Sync="TRUE">دكان_او_اكثر</attrlabl><attalias Sync="TRUE">دكان_او_اكثر</attalias><attrtype Sync="TRUE">Double</attrtype><attwidth Sync="TRUE">8</attwidth><atprecis Sync="TRUE">0</atprecis><attscale Sync="TRUE">0</attscale></attr><attr><attrlabl Sync="TRUE">كشك</attrlabl><attalias Sync="TRUE">كشك</attalias><attrtype Sync="TRUE">Double</attrtype><attwidth Sync="TRUE">8</attwidth><atprecis Sync="TRUE">0</atprecis><attscale Sync="TRUE">0</attscale></attr><attr><attrlabl Sync="TRUE">عشة_او_خيمة</attrlabl><attalias Sync="TRUE">عشة_او_خيمة</attalias><attrtype Sync="TRUE">Double</attrtype><attwidth Sync="TRUE">8</attwidth><atprecis Sync="TRUE">0</atprecis><attscale Sync="TRUE">0</attscale></attr><attr><attrlabl Sync="TRUE">نوع_مبنى_اخر</attrlabl><attalias Sync="TRUE">نوع_مبنى_اخر</attalias><attrtype Sync="TRUE">Double</attrtype><attwidth Sync="TRUE">8</attwidth><atprecis Sync="TRUE">0</atprecis><attscale Sync="TRUE">0</attscale></attr><attr><attrlabl Sync="TRUE">ملكية_حكومية</attrlabl><attalias Sync="TRUE">ملكية_حكومية</attalias><attrtype Sync="TRUE">Double</attrtype><attwidth Sync="TRUE">8</attwidth><atprecis Sync="TRUE">0</atprecis><attscale Sync="TRUE">0</attscale></attr><attr><attrlabl Sync="TRUE">ملكية_عامه_اعمال_اخرى</attrlabl><attalias Sync="TRUE">ملكية_عامه_اعمال_اخرى</attalias><attrtype Sync="TRUE">Double</attrtype><attwidth Sync="TRUE">8</attwidth><atprecis Sync="TRUE">0</atprecis><attscale Sync="TRUE">0</attscale></attr><attr><attrlabl Sync="TRUE">ملكيات_اخرى</attrlabl><attalias Sync="TRUE">ملكيات_اخرى</attalias><attrtype Sync="TRUE">Double</attrtype><attwidth Sync="TRUE">8</attwidth><atprecis Sync="TRUE">0</atprecis><attscale Sync="TRUE">0</attscale></attr><attr><attrlabl Sync="TRUE">مبنى_باكمله</attrlabl><attalias Sync="TRUE">مبنى_باكمله</attalias><attrtype Sync="TRUE">Double</attrtype><attwidth Sync="TRUE">8</attwidth><atprecis Sync="TRUE">0</atprecis><attscale Sync="TRUE">0</attscale></attr><attr><attrlabl Sync="TRUE">دور_او_اكثر_او_جزء_من_من_الدور</attrlabl><attalias Sync="TRUE">دور_او_اكثر_او_جزء_من_من_الدور</attalias><attrtype Sync="TRUE">Double</attrtype><attwidth Sync="TRUE">8</attwidth><atprecis Sync="TRUE">0</atprecis><attscale Sync="TRUE">0</attscale></attr><attr><attrlabl Sync="TRUE">شقة</attrlabl><attalias Sync="TRUE">شقة</attalias><attrtype Sync="TRUE">Double</attrtype><attwidth Sync="TRUE">8</attwidth><atprecis Sync="TRUE">0</atprecis><attscale Sync="TRUE">0</attscale></attr><attr><attrlabl Sync="TRUE">حجرة_مستقلة_او_اكثر</attrlabl><attalias Sync="TRUE">حجرة_مستقلة_او_اكثر</attalias><attrtype Sync="TRUE">Double</attrtype><attwidth Sync="TRUE">8</attwidth><atprecis Sync="TRUE">0</atprecis><attscale Sync="TRUE">0</attscale></attr><attr><attrlabl Sync="TRUE">دكان_اكثر</attrlabl><attalias Sync="TRUE">دكان_اكثر</attalias><attrtype Sync="TRUE">Double</attrtype><attwidth Sync="TRUE">8</attwidth><atprecis Sync="TRUE">0</atprecis><attscale Sync="TRUE">0</attscale></attr><attr><attrlabl Sync="TRUE">جراج</attrlabl><attalias Sync="TRUE">جراج</attalias><attrtype Sync="TRUE">Double</attrtype><attwidth Sync="TRUE">8</attwidth><atprecis Sync="TRUE">0</atprecis><attscale Sync="TRUE">0</attscale></attr><attr><attrlabl Sync="TRUE">وحدات_اخرى</attrlabl><attalias Sync="TRUE">وحدات_اخرى</attalias><attrtype Sync="TRUE">Double</attrtype><attwidth Sync="TRUE">8</attwidth><atprecis Sync="TRUE">0</atprecis><attscale Sync="TRUE">0</attscale></attr><attr><attrlabl Sync="TRUE">قطاع_حكومى</attrlabl><attalias Sync="TRUE">قطاع_حكومى</attalias><attrtype Sync="TRUE">Double</attrtype><attwidth Sync="TRUE">8</attwidth><atprecis Sync="TRUE">0</atprecis><attscale Sync="TRUE">0</attscale></attr><attr><attrlabl Sync="TRUE">قطاع_عام_اعمال_اخرى</attrlabl><attalias Sync="TRUE">قطاع_عام_اعمال_اعامة</attalias><attrtype Sync="TRUE">Double</attrtype><attwidth Sync="TRUE">8</attwidth><atprecis Sync="TRUE">0</atprecis><attscale Sync="TRUE">0</attscale></attr><attr><attrlabl Sync="TRUE">قطاع_خاص_استثمارى</attrlabl><attalias Sync="TRUE">قطاع_خاص_استثمارى</attalias><attrtype Sync="TRUE">Double</attrtype><attwidth Sync="TRUE">8</attwidth><atprecis Sync="TRUE">0</atprecis><attscale Sync="TRUE">0</attscale></attr><attr><attrlabl Sync="TRUE">قطاع_خاص_عادى</attrlabl><attalias Sync="TRUE">قطاع_خاص_عادى</attalias><attrtype Sync="TRUE">Double</attrtype><attwidth Sync="TRUE">8</attwidth><atprecis Sync="TRUE">0</atprecis><attscale Sync="TRUE">0</attscale></attr><attr><attrlabl Sync="TRUE">قطاع_مشترك</attrlabl><attalias Sync="TRUE">قطاع_مشترك</attalias><attrtype Sync="TRUE">Double</attrtype><attwidth Sync="TRUE">8</attwidth><atprecis Sync="TRUE">0</atprecis><attscale Sync="TRUE">0</attscale></attr><attr><attrlabl Sync="TRUE">قطاع_تعاونى</attrlabl><attalias Sync="TRUE">قطاع_تعاونى</attalias><attrtype Sync="TRUE">Double</attrtype><attwidth Sync="TRUE">8</attwidth><atprecis Sync="TRUE">0</atprecis><attscale Sync="TRUE">0</attscale></attr><attr><attrlabl Sync="TRUE">جمعيات_مؤسسات</attrlabl><attalias Sync="TRUE">جمعيات_مؤسسات</attalias><attrtype Sync="TRUE">Double</attrtype><attwidth Sync="TRUE">8</attwidth><atprecis Sync="TRUE">0</atprecis><attscale Sync="TRUE">0</attscale></attr><attr><attrlabl Sync="TRUE">قطاعات_اخرى</attrlabl><attalias Sync="TRUE">قطاعات_اخرى</attalias><attrtype Sync="TRUE">Double</attrtype><attwidth Sync="TRUE">8</attwidth><atprecis Sync="TRUE">0</atprecis><attscale Sync="TRUE">0</attscale></attr><attr><attrlabl Sync="TRUE">عدد_المنشات_العاملة_المغلقة</attrlabl><attalias Sync="TRUE">عدد المنشات العاملة-المغلقة</attalias><attrtype Sync="TRUE">Double</attrtype><attwidth Sync="TRUE">8</attwidth><atprecis Sync="TRUE">0</atprecis><attscale Sync="TRUE">0</attscale></attr><attr><attrlabl Sync="TRUE">فردى</attrlabl><attalias Sync="TRUE">فردى</attalias><attrtype Sync="TRUE">Double</attrtype><attwidth Sync="TRUE">8</attwidth><atprecis Sync="TRUE">0</atprecis><attscale Sync="TRUE">0</attscale></attr><attr><attrlabl Sync="TRUE">تضامن</attrlabl><attalias Sync="TRUE">تضامن</attalias><attrtype Sync="TRUE">Double</attrtype><attwidth Sync="TRUE">8</attwidth><atprecis Sync="TRUE">0</atprecis><attscale Sync="TRUE">0</attscale></attr><attr><attrlabl Sync="TRUE">ورثة</attrlabl><attalias Sync="TRUE">ورثة</attalias><attrtype Sync="TRUE">Double</attrtype><attwidth Sync="TRUE">8</attwidth><atprecis Sync="TRUE">0</atprecis><attscale Sync="TRUE">0</attscale></attr><attr><attrlabl Sync="TRUE">توصية_بسيطة</attrlabl><attalias Sync="TRUE">توصية_بسيطة</attalias><attrtype Sync="TRUE">Double</attrtype><attwidth Sync="TRUE">8</attwidth><atprecis Sync="TRUE">0</atprecis><attscale Sync="TRUE">0</attscale></attr><attr><attrlabl Sync="TRUE">توصية_بالاسهم</attrlabl><attalias Sync="TRUE">توصية_بالاسهم</attalias><attrtype Sync="TRUE">Double</attrtype><attwidth Sync="TRUE">8</attwidth><atprecis Sync="TRUE">0</atprecis><attscale Sync="TRUE">0</attscale></attr><attr><attrlabl Sync="TRUE">مسئولة_محدودة</attrlabl><attalias Sync="TRUE">مسئولة_محدودة</attalias><attrtype Sync="TRUE">Double</attrtype><attwidth Sync="TRUE">8</attwidth><atprecis Sync="TRUE">0</atprecis><attscale Sync="TRUE">0</attscale></attr><attr><attrlabl Sync="TRUE">مساهمة</attrlabl><attalias Sync="TRUE">مساهمة</attalias><attrtype Sync="TRUE">Double</attrtype><attwidth Sync="TRUE">8</attwidth><atprecis Sync="TRUE">0</atprecis><attscale Sync="TRUE">0</attscale></attr><attr><attrlabl Sync="TRUE">فرع_شركة_اجنبية</attrlabl><attalias Sync="TRUE">فرع_شركة_اجنبية</attalias><attrtype Sync="TRUE">Double</attrtype><attwidth Sync="TRUE">8</attwidth><atprecis Sync="TRUE">0</atprecis><attscale Sync="TRUE">0</attscale></attr><attr><attrlabl Sync="TRUE">كيان_قانونى_اخر</attrlabl><attalias Sync="TRUE">كيان_قانونى_اخر</attalias><attrtype Sync="TRUE">Double</attrtype><attwidth Sync="TRUE">8</attwidth><atprecis Sync="TRUE">0</atprecis><attscale Sync="TRUE">0</attscale></attr><attr><attrlabl Sync="TRUE">حائز_مصرى</attrlabl><attalias Sync="TRUE">حائز مصرى</attalias><attrtype Sync="TRUE">Double</attrtype><attwidth Sync="TRUE">8</attwidth><atprecis Sync="TRUE">0</atprecis><attscale Sync="TRUE">0</attscale></attr><attr><attrlabl Sync="TRUE">حائز_عربى</attrlabl><attalias Sync="TRUE">حائز_عربى</attalias><attrtype Sync="TRUE">Double</attrtype><attwidth Sync="TRUE">8</attwidth><atprecis Sync="TRUE">0</atprecis><attscale Sync="TRUE">0</attscale></attr><attr><attrlabl Sync="TRUE">حائز_اجنبى</attrlabl><attalias Sync="TRUE">حائز_اجنبى</attalias><attrtype Sync="TRUE">Double</attrtype><attwidth Sync="TRUE">8</attwidth><atprecis Sync="TRUE">0</atprecis><attscale Sync="TRUE">0</attscale></attr><attr><attrlabl Sync="TRUE">حائز_مشترك</attrlabl><attalias Sync="TRUE">حائز_مشترك</attalias><attrtype Sync="TRUE">Double</attrtype><attwidth Sync="TRUE">8</attwidth><atprecis Sync="TRUE">0</atprecis><attscale Sync="TRUE">0</attscale></attr><attr><attrlabl Sync="TRUE">عدد_المنشات</attrlabl><attalias Sync="TRUE">عدد_المنشات</attalias><attrtype Sync="TRUE">Double</attrtype><attwidth Sync="TRUE">8</attwidth><atprecis Sync="TRUE">0</atprecis><attscale Sync="TRUE">0</attscale></attr><attr><attrlabl Sync="TRUE">عاملة</attrlabl><attalias Sync="TRUE">عاملة</attalias><attrtype Sync="TRUE">Double</attrtype><attwidth Sync="TRUE">8</attwidth><atprecis Sync="TRUE">0</atprecis><attscale Sync="TRUE">0</attscale></attr><attr><attrlabl Sync="TRUE">مغلقه_مؤقتة</attrlabl><attalias Sync="TRUE">مغلقه</attalias><attrtype Sync="TRUE">Double</attrtype><attwidth Sync="TRUE">8</attwidth><atprecis Sync="TRUE">0</atprecis><attscale Sync="TRUE">0</attscale></attr><attr><attrlabl Sync="TRUE">مغلقه_نهائيا_متوقفة</attrlabl><attalias Sync="TRUE">مغلقه_نهائيا_متوقفة</attalias><attrtype Sync="TRUE">Double</attrtype><attwidth Sync="TRUE">8</attwidth><atprecis Sync="TRUE">0</atprecis><attscale Sync="TRUE">0</attscale></attr><attr><attrlabl Sync="TRUE">مخزن_مغلق</attrlabl><attalias Sync="TRUE">مخزن_مغلق</attalias><attrtype Sync="TRUE">Double</attrtype><attwidth Sync="TRUE">8</attwidth><atprecis Sync="TRUE">0</atprecis><attscale Sync="TRUE">0</attscale></attr><attr><attrlabl Sync="TRUE">تحت_التجهيز</attrlabl><attalias Sync="TRUE">تحت_التجهيز</attalias><attrtype Sync="TRUE">Double</attrtype><attwidth Sync="TRUE">8</attwidth><atprecis Sync="TRUE">0</atprecis><attscale Sync="TRUE">0</attscale></attr><attr><attrlabl Sync="TRUE">مكان_منشأة_خالى</attrlabl><attalias Sync="TRUE">مكان_منشأة_خالى</attalias><attrtype Sync="TRUE">Double</attrtype><attwidth Sync="TRUE">8</attwidth><atprecis Sync="TRUE">0</atprecis><attscale Sync="TRUE">0</attscale></attr><attr><attrlabl Sync="TRUE">حالة_عمل_اخرى</attrlabl><attalias Sync="TRUE">حالة_عمل_اخرى</attalias><attrtype Sync="TRUE">Double</attrtype><attwidth Sync="TRUE">8</attwidth><atprecis Sync="TRUE">0</atprecis><attscale Sync="TRUE">0</attscale></attr><attr><attrlabl Sync="TRUE">عدد_المنشات_العاملة</attrlabl><attalias Sync="TRUE">عدد_المنشات_العاملة</attalias><attrtype Sync="TRUE">Double</attrtype><attwidth Sync="TRUE">8</attwidth><atprecis Sync="TRUE">0</atprecis><attscale Sync="TRUE">0</attscale></attr><attr><attrlabl Sync="TRUE">اصحاب_عمل_بدون_اجر</attrlabl><attalias Sync="TRUE">اصحاب_عمل_بدون_اجر-ذكور</attalias><attrtype Sync="TRUE">Double</attrtype><attwidth Sync="TRUE">8</attwidth><atprecis Sync="TRUE">0</atprecis><attscale Sync="TRUE">0</attscale></attr><attr><attrlabl Sync="TRUE">اصحاب_عمل_بدون_اجر_اناث</attrlabl><attalias Sync="TRUE">اصحاب_عمل_بدون_اجر_اناث</attalias><attrtype Sync="TRUE">Double</attrtype><attwidth Sync="TRUE">8</attwidth><atprecis Sync="TRUE">0</atprecis><attscale Sync="TRUE">0</attscale></attr><attr><attrlabl Sync="TRUE">جملة_اصحاب_العمل_بدون_اجر</attrlabl><attalias Sync="TRUE">جملة_اصحاب_العمل_بدون_اجر</attalias><attrtype Sync="TRUE">Double</attrtype><attwidth Sync="TRUE">8</attwidth><atprecis Sync="TRUE">0</atprecis><attscale Sync="TRUE">0</attscale></attr><attr><attrlabl Sync="TRUE">مستخدم_باجر_وبدون_ذكور</attrlabl><attalias Sync="TRUE">مستخدم_باجر_وبدون_ذكور</attalias><attrtype Sync="TRUE">Double</attrtype><attwidth Sync="TRUE">8</attwidth><atprecis Sync="TRUE">0</atprecis><attscale Sync="TRUE">0</attscale></attr><attr><attrlabl Sync="TRUE">مستخدم_باجر_وبدون_اناث</attrlabl><attalias Sync="TRUE">مستخدم_باجر_وبدون_اناث</attalias><attrtype Sync="TRUE">Double</attrtype><attwidth Sync="TRUE">8</attwidth><atprecis Sync="TRUE">0</atprecis><attscale Sync="TRUE">0</attscale></attr><attr><attrlabl Sync="TRUE">جملة_مستخدم_باجر_وبدون</attrlabl><attalias Sync="TRUE">جملة_مستخدم_باجر_وبدون</attalias><attrtype Sync="TRUE">Double</attrtype><attwidth Sync="TRUE">8</attwidth><atprecis Sync="TRUE">0</atprecis><attscale Sync="TRUE">0</attscale></attr><attr><attrlabl Sync="TRUE">اجمال_المشتغلين_ذكور</attrlabl><attalias Sync="TRUE">اجمال-المشتغلين-ذكور</attalias><attrtype Sync="TRUE">Double</attrtype><attwidth Sync="TRUE">8</attwidth><atprecis Sync="TRUE">0</atprecis><attscale Sync="TRUE">0</attscale></attr><attr><attrlabl Sync="TRUE">اجمال_المشتغلين_اناث</attrlabl><attalias Sync="TRUE">اجمال_المشتغلين_اناث</attalias><attrtype Sync="TRUE">Double</attrtype><attwidth Sync="TRUE">8</attwidth><atprecis Sync="TRUE">0</atprecis><attscale Sync="TRUE">0</attscale></attr><attr><attrlabl Sync="TRUE">اجمال_المشتغلين</attrlabl><attalias Sync="TRUE">اجمال_المشتغلين</attalias><attrtype Sync="TRUE">Double</attrtype><attwidth Sync="TRUE">8</attwidth><atprecis Sync="TRUE">0</atprecis><attscale Sync="TRUE">0</attscale></attr><attr><attrlabl Sync="TRUE">code</attrlabl><attalias Sync="TRUE">code</attalias><attrtype Sync="TRUE">Double</attrtype><attwidth Sync="TRUE">8</attwidth><atprecis Sync="TRUE">0</atprecis><attscale Sync="TRUE">0</attscale></attr><attr><attrlabl Sync="TRUE">ملكية_خاصة</attrlabl><attalias Sync="TRUE">ملكية_خاصة</attalias><attrtype Sync="TRUE">Double</attrtype><attwidth Sync="TRUE">8</attwidth><atprecis Sync="TRUE">0</atprecis><attscale Sync="TRUE">0</attscale></attr><attr><attrlabl Sync="TRUE">hanan</attrlabl><attalias Sync="TRUE">hanan</attalias><attrtype Sync="TRUE">SmallInteger</attrtype><attwidth Sync="TRUE">2</attwidth><atprecis Sync="TRUE">0</atprecis><attscale Sync="TRUE">0</attscale></attr><attr><attrlabl Sync="TRUE">hanan2</attrlabl><attalias Sync="TRUE">hanan2</attalias><attrtype Sync="TRUE">Double</attrtype><attwidth Sync="TRUE">8</attwidth><atprecis Sync="TRUE">0</atprecis><attscale Sync="TRUE">0</attscale></attr><attr><attrlabl Sync="TRUE">fr</attrlabl><attalias Sync="TRUE">fr</attalias><attrtype Sync="TRUE">SmallInteger</attrtype><attwidth Sync="TRUE">2</attwidth><atprecis Sync="TRUE">0</atprecis><attscale Sync="TRUE">0</attscale></attr><attr><attrlabl Sync="TRUE">fr2</attrlabl><attalias Sync="TRUE">fr2</attalias><attrtype Sync="TRUE">Double</attrtype><attwidth Sync="TRUE">8</attwidth><atprecis Sync="TRUE">0</atprecis><attscale Sync="TRUE">0</attscale></attr><attr><attrlabl Sync="TRUE">عدد_الحوادث</attrlabl><attalias Sync="TRUE">عدد_الحوادث</attalias><attrtype Sync="TRUE">Integer</attrtype><attwidth Sync="TRUE">4</attwidth><atprecis Sync="TRUE">0</atprecis><attscale Sync="TRUE">0</attscale></attr><attr><attrlabl Sync="TRUE">accno</attrlabl><attalias Sync="TRUE">accno</attalias><attrtype Sync="TRUE">Integer</attrtype><attwidth Sync="TRUE">4</attwidth><atprecis Sync="TRUE">0</atprecis><attscale Sync="TRUE">0</attscale></attr><attr><attrlabl Sync="TRUE">الجرائم</attrlabl><attalias Sync="TRUE">الجرائم</attalias><attrtype Sync="TRUE">Integer</attrtype><attwidth Sync="TRUE">4</attwidth><atprecis Sync="TRUE">0</atprecis><attscale Sync="TRUE">0</attscale></attr><attr><attrlabl Sync="TRUE">الوفيات</attrlabl><attalias Sync="TRUE">الوفيات</attalias><attrtype Sync="TRUE">Integer</attrtype><attwidth Sync="TRUE">4</attwidth><atprecis Sync="TRUE">0</atprecis><attscale Sync="TRUE">0</attscale></attr><attr><attrlabl Sync="TRUE">fr_1</attrlabl><attalias Sync="TRUE">fr_1</attalias><attrtype Sync="TRUE">Double</attrtype><attwidth Sync="TRUE">8</attwidth><atprecis Sync="TRUE">0</atprecis><attscale Sync="TRUE">0</attscale></attr><attr><attrlabl Sync="TRUE">hhh</attrlabl><attalias Sync="TRUE">hhh</attalias><attrtype Sync="TRUE">String</attrtype><attwidth Sync="TRUE">50</attwidth><atprecis Sync="TRUE">0</atprecis><attscale Sync="TRUE">0</attscale></attr><attr><attrlabl Sync="TRUE">Prec</attrlabl><attalias Sync="TRUE">Prec</attalias><attrtype Sync="TRUE">Double</attrtype><attwidth Sync="TRUE">8</attwidth><atprecis Sync="TRUE">0</atprecis><attscale Sync="TRUE">0</attscale></attr><attr><attrlabl Sync="TRUE">Shape_Length</attrlabl><attalias Sync="TRUE">Shape_Length</attalias><attrtype Sync="TRUE">Double</attrtype><attwidth Sync="TRUE">8</attwidth><atprecis Sync="TRUE">0</atprecis><attscale Sync="TRUE">0</attscale><attrdef Sync="TRUE">Length of feature in internal units.</attrdef><attrdefs Sync="TRUE">Esri</attrdefs><attrdomv><udom Sync="TRUE">Positive real numbers that are automatically generated.</udom></attrdomv></attr><attr><attrlabl Sync="TRUE">Shape_Area</attrlabl><attalias Sync="TRUE">Shape_Area</attalias><attrtype Sync="TRUE">Double</attrtype><attwidth Sync="TRUE">8</attwidth><atprecis Sync="TRUE">0</atprecis><attscale Sync="TRUE">0</attscale><attrdef Sync="TRUE">Area of feature in internal units squared.</attrdef><attrdefs Sync="TRUE">Esri</attrdefs><attrdomv><udom Sync="TRUE">Positive real numbers that are automatically generated.</udom></attrdomv></attr></detailed></eainfo><mdDateSt Sync="TRUE">20221210</mdDateSt></metadata>
